{
 "params": {
  "h264_a": 4.4497571007527545,
  "h264_b": -0.5656409575748091,
  "h264_c": 5.663825688937358,
  "h264_d": -2.591521631063892,
  "h264_e": 2.189149628903776,
  "h264_h": -5.647336622008961,
  "h264_w_0": -0.9361400603971065,
  "h264_w_1": 0.3853478266230186,
  "h264weight": 0.9995392453872152,
  "hevc_a": 4.337531145532164,
  "hevc_b": -0.5761767104494138,
  "hevc_c": 6.24709428014517,
  "hevc_d": -3.0034145548279616,
  "hevc_e": -0.005058652147237053,
  "hevc_h": 23.294322119901167,
  "hevc_w_0": 0.005373578943420346,
  "hevc_w_1": 0.028828718399620146,
  "hevcweight": -0.9991560504769452,
  "k": 1.1600528586597072,
  "vp9_a": 4.530126753905995,
  "vp9_b": -0.913810702812341,
  "vp9_c": 2.4256415379923055,
  "vp9_d": -1.519869486588434,
  "vp9_e": -6.748048024813905,
  "vp9_h": 0.43445647725282616,
  "vp9_w_0": -0.10087232330643559,
  "vp9_w_1": -0.9186194553428357,
  "vp9weight": -0.7179445174254486,
  "w": 8.710457757703129,
  "x": -21.89311343524206,
  "y": 0.8307739827265045,
  "z": -66.64473002102814
 }
}