{
 "params": {
  "h264_a": 4.660218153935806,
  "h264_b": -1.131186166790541,
  "h264_c": 4.226804014005308,
  "h264_d": -2.447077931017182,
  "h264_e": -1.279335049154703,
  "h264_h": 2.042509570615234,
  "h264_w_0": -0.9993018217632663,
  "h264_w_1": -0.9967184180540495,
  "h264weight": -0.9999818341847496,
  "hevc_a": 4.537473033886877,
  "hevc_b": -0.6829920420129119,
  "hevc_c": 3.5052981030954724,
  "hevc_d": -1.6074018697841628,
  "hevc_e": -0.001676755633531606,
  "hevc_h": 0.0036127751919551553,
  "hevc_w_0": -0.00022799567305156147,
  "hevc_w_1": -0.005775478615250395,
  "hevcweight": 0.003136268289336556,
  "k": 1.1833789250183189,
  "vp9_a": 4.525276507145377,
  "vp9_b": -1.2635404729088626,
  "vp9_c": 2.073261671840846,
  "vp9_d": -1.8050642338298495,
  "vp9_e": 2.2413185478952853,
  "vp9_h": 0.36133264228429507,
  "vp9_w_0": 0.21408407598381796,
  "vp9_w_1": 0.3682279046771251,
  "vp9weight": -0.4168047803557314,
  "w": 5.153693120842619,
  "x": -66.9902602636814,
  "y": 0.9068299013181835,
  "z": -68.04525608408238
 }
}