{
 "mobile": {
   "params": {
    "h264_a": 4.734201583291121,
    "h264_b": -0.9468676516257963,
    "h264_c": 4.083070030560765,
    "h264_d": -2.0624487498444384,
    "h264_e": 9.008261895058177e-06,
    "h264_h": 3.409274200072753,
    "h264_w_0": 0.00038715995263856307,
    "h264_w_1": -0.9999912643025906,
    "h264weight": -0.9965759318598127,
    "hevc_a": 4.5730628622973954,
    "hevc_b": -0.6834678930099616,
    "hevc_c": 3.316313995144238,
    "hevc_d": -1.4604516936837977,
    "hevc_e": -0.0019657440249065,
    "hevc_h": -0.004083123546827529,
    "hevc_w_0": 0.7308457830533583,
    "hevc_w_1": 0.19686166447380907,
    "hevcweight": -0.004634055990333398,
    "k": 1.1608285040922008,
    "vp9_a": 4.262455127872368,
    "vp9_b": -0.6134837052043656,
    "vp9_c": 3.2368419465806286,
    "vp9_d": -2.265717440087193,
    "vp9_e": 3.5881462829757966,
    "vp9_h": 0.6304704298854343,
    "vp9_w_0": -0.7005705031718824,
    "vp9_w_1": -0.514836059397106,
    "vp9weight": -0.4895607365731575,
    "w": 5.412470565569355,
    "x": -72.36367322149057,
    "y": 1.1795521811797558,
    "z": -67.26493098295664
   }
  },
 "pc": {
    "params": {
    "h264_a": 4.374061689141545,
    "h264_b": -0.6126244440582927,
    "h264_c": 6.188007659186348,
    "h264_d": -3.006131223488612,
    "h264_e": 1.537361942136808,
    "h264_h": -3.7695244534685837,
    "h264_w_0": -0.3017545887490651,
    "h264_w_1": 0.9336211429965362,
    "h264weight": -0.9999373174847322,
    "hevc_a": 4.285330123990891,
    "hevc_b": -0.534168973758642,
    "hevc_c": 6.9131992493350936,
    "hevc_d": -3.348958301991358,
    "hevc_e": 0.0035832728042124425,
    "hevc_h": -0.0008470326976476328,
    "hevc_w_0": 0.00411001113774949,
    "hevc_w_1": -0.024359707788992775,
    "hevcweight": 0.998399287086842,
    "k": 1.060292511790293,
    "vp9_a": 4.438223534372881,
    "vp9_b": -0.7342406111954726,
    "vp9_c": 2.7162249230480726,
    "vp9_d": -1.5975459799031115,
    "vp9_e": -1.4339806448432075,
    "vp9_h": 2.7129335835806034,
    "vp9_w_0": 0.10280235759285032,
    "vp9_w_1": -0.20440927881255158,
    "vp9weight": 0.7722114589377129,
    "w": 7.690392346457775,
    "x": -99.99652559385254,
    "y": 1.1493323413901693,
    "z": -70.90627342105887
   }
  }
}