{
 "params": {
  "h264_a": 4.734201583291121,
  "h264_b": -0.9468676516257963,
  "h264_c": 4.083070030560765,
  "h264_d": -2.0624487498444384,
  "h264_e": 9.008261895058177e-06,
  "h264_h": 3.409274200072753,
  "h264_w_0": 0.00038715995263856307,
  "h264_w_1": -0.9999912643025906,
  "h264weight": -0.9965759318598127,
  "hevc_a": 4.5730628622973954,
  "hevc_b": -0.6834678930099616,
  "hevc_c": 3.316313995144238,
  "hevc_d": -1.4604516936837977,
  "hevc_e": -0.0019657440249065,
  "hevc_h": -0.004083123546827529,
  "hevc_w_0": 0.7308457830533583,
  "hevc_w_1": 0.19686166447380907,
  "hevcweight": -0.004634055990333398,
  "k": 1.1608285040922008,
  "vp9_a": 4.262455127872368,
  "vp9_b": -0.6134837052043656,
  "vp9_c": 3.2368419465806286,
  "vp9_d": -2.265717440087193,
  "vp9_e": 3.5881462829757966,
  "vp9_h": 0.6304704298854343,
  "vp9_w_0": -0.7005705031718824,
  "vp9_w_1": -0.514836059397106,
  "vp9weight": -0.4895607365731575,
  "w": 5.412470565569355,
  "x": -72.36367322149057,
  "y": 1.1795521811797558,
  "z": -67.26493098295664
 }
}